System	SumScreeningCost	SumFPDiagnosticCost	NonFPDiagnosticCost	TotalCost
uspstf	30572232.524946	16568944.99247674	440533.6571774464	47581711.17460019
sced_ten	84855810.49978916	242741458.28152454	1203958.1714781523	328801226.95279187
mced_ten	94739016.66388226	2179807.3942987504	1320698.4070829875	98239522.465263993
mced_all	94739016.66388226	2105944.273928244	1659000.6775862472	98503961.61539674
