System	Total_Eligible	Total_Screen	Total_TP	Aggregate_PPV	Aggregate_NPV	System_NPV	Aggregate_NNS	Total_FP	Individual_FP	Aggregate_FP_Per_Cancer
uspstf	355.742901426	62523.61785660001	169.63470613039019	0.02212945797684736	0.9981090161641706	0.9898717164960256	368.57798314303125	7495.92611817304	7304.068165926314	44.18863503327719
sced_ten	473.08045186849296	848558.1049978916	411.5799931255889	0.004392485552659925	0.999318424366178	0.9939247447483095	2061.708827374813	93289.35270006253	62166.779664970425	226.66153422962026
mced_ten	473.08045186849296	99830.3652938696	298.4611758769252	0.37530597494956214	0.998250097586706	0.9928621841112754	334.4835890314796	496.78642421000603	496.78642421000603	1.6644926186810411
mced_all	1013.09529386961	99830.3652938696	425.9195811511475	0.4629530818548311	0.9941292380245444	0.9941292380245444	234.3878274486809	494.0863500000004	494.0863500000004	1.1600461022820698
