System	SumScreeningCost	SumFPDiagnosticCost	SumTotalDiagnosticCost
uspstf	30572232.524946	16568944.99247674	17009478.649654187
sced_ten	84855810.49978916	242741458.28152454	243945416.4530027
mced_ten	94739016.66388226	1453204.9295325002	2333670.534254492
mced_all	94739016.66388226	1403962.8492854962	2509963.301009661
