total_in_range_ten	total_ten	total_in_range_all	total_all	prop_ten_in_range	prop_ten_in_total
1438588	2073938	2667052	3860195	0.5393925577754014	0.37267236499710504
